# source: GeoNames gazetteer, Iran (IR) — administrative divisions, admin level 1 (province) and 2 (county / shahrestan)
# url: https://download.geonames.org/export/dump/IR.zip
# sha256: a508c1962f00e637217e42b114d9dec1187abe6db73a9db56731f60dc0d9541f
# altnames-source: GeoNames alternate names, Iran (IR) — Persian ('fa') names by geonameid
# altnames-url: https://download.geonames.org/export/dump/alternatenames/IR.zip
# altnames-sha256: 52a2f2c70206baa69bc3c9fc65c0426751affb501d3042ff384c9fa20ee19b8e
# retrieved: 2026-09-25
# licence: CC BY 4.0, https://creativecommons.org/licenses/by/4.0/ (GeoNames, https://www.geonames.org/about.html); config/license/allowed-licenses.json dataLicenses, ADR-0039
# generator: tools/geodata/geonames_iran_divisions.py
# notes: no district (admin level 3 / bakhsh) rows — GeoNames' Iran admin3 coverage is 7 records, far short of the real count (docs/DATA_TODO.md DT-021); a county with no published Persian alternate name (3 of 435, checked 2026-09-25) has an empty fa field
# columns: code,level,parentCode,en,fa,latitude,longitude
44	PROVINCE		Alborz Province	البرز	36.01117	50.80956
32	PROVINCE		Ardabil Province	اردبيل	38.50000	48.00000
22	PROVINCE		Bushehr Province	بوشهر	28.75000	51.50000
03	PROVINCE		Chaharmahal and Bakhtiari Province	چهارمحال و بختیاری	32.16667	50.75000
33	PROVINCE		East Azerbaijan Province	آذربایجان شرقی	38.00000	46.75000
07	PROVINCE		Fars Province	فارس	29.00000	53.00000
08	PROVINCE		Gilan Province	گیلان‎	37.16667	49.50000
37	PROVINCE		Golestan Province	گلستان	37.25000	55.00000
09	PROVINCE		Hamadan Province	همدان‎	34.83333	48.58333
11	PROVINCE		Hormozgan Province	هرمزگان	27.75000	56.50000
10	PROVINCE		Ilam Province	ایلام‎	33.16667	47.00000
28	PROVINCE		Isfahan Province	اصفهان	33.00000	52.16667
29	PROVINCE		Kerman Province	کرمان	29.75000	57.25000
13	PROVINCE		Kermanshah Province	كرمانشاه‎	34.41667	46.75000
15	PROVINCE		Khuzestan Province	خوزستان	31.50000	49.00000
05	PROVINCE		Kohgiluyeh and Boyer-Ahmad Province	کهگیلویه و بویراحمد	30.83333	50.66667
16	PROVINCE		Kurdistan Province	کردستان‎	35.66667	47.00000
23	PROVINCE		Lorestan Province	لرستان	33.50000	48.50000
34	PROVINCE		Markazi Province	مرکزی	34.33333	49.83333
35	PROVINCE		Mazandaran Province	مازَندَران	36.25000	52.33333
43	PROVINCE		North Khorasan Province	خراسان شمالی	37.50000	57.00000
38	PROVINCE		Qazvin Province	قزوین‎	36.00000	49.75000
39	PROVINCE		Qom Province	قم	34.75000	51.00000
42	PROVINCE		Razavi Khorasan Province	خراسان رضوی	35.25000	59.00000
25	PROVINCE		Semnan Province	سمنان‎	35.50000	55.00000
04	PROVINCE		Sistan and Baluchestan Province	سیستان و بلوچستان	28.50000	60.50000
41	PROVINCE		South Khorasan Province	خراسان جنوبی	32.50000	59.50000
26	PROVINCE		Tehran Province	استان تهران	35.66667	51.41667
01	PROVINCE		West Azerbaijan Province	آذَربايجان غَربی	37.66667	45.00000
40	PROVINCE		Yazd Province	یزد	32.50000	55.58333
36	PROVINCE		Zanjan Province	استان زنجان	36.50000	48.33333
9517620	COUNTY	01	Chāypāreh	چايپاره	38.88254	44.99670
449450	COUNTY	01	Khowy	شهرستان خوی	38.60277	44.76975
449457	COUNTY	01	Naqadeh	شهرستان نقده	36.97491	45.44941
9517621	COUNTY	01	Poldasht	شهرستان پلدشت	39.18333	45.08333
449451	COUNTY	01	Sardasht	شهرستان سردشت	36.22899	45.46173
449446	COUNTY	01	Shahrestān-e Būkān	شهرستان بوكان	36.60002	46.16664
449449	COUNTY	01	Shahrestān-e Chāldorān	شهرستان چالدران	39.02370	44.41259
449455	COUNTY	01	Shahrestān-e Mahābād	شهرستان مهاباد	36.67233	45.73465
449454	COUNTY	01	Shahrestān-e Mākū	شهرستان ماكو	39.45575	44.59639
449456	COUNTY	01	Shahrestān-e Mīāndoāb	شهرستان مياندوآب	36.89999	46.20002
449444	COUNTY	01	Shahrestān-e Orūmīyeh	شهرستان اروميه	37.61499	44.93110
449445	COUNTY	01	Shahrestān-e Oshnavīyeh	شهرستان اشنويه	37.06870	45.07066
449447	COUNTY	01	Shahrestān-e Pīrānshahr	شهرستان پيرانشهر	36.70000	45.16667
449452	COUNTY	01	Shahrestān-e Salmās	شهرستان سلماس	38.13804	44.64400
449453	COUNTY	01	Shahrestān-e Shāhīn Dezh	شهرستان شاهين دژ	36.67230	46.63695
449448	COUNTY	01	Shahrestān-e Takāb	شهرستان تكاب	36.51629	47.12272
9517619	COUNTY	01	Showţ	شهرستان شوط	39.15006	44.83346
449517	COUNTY	03	Ardal	شهرستان اردل	31.95949	50.31029
11963425	COUNTY	03	Ben	شهرستان بن	32.53556	50.75201
11963426	COUNTY	03	Saman	شهرستان سامان	32.44980	50.91379
449519	COUNTY	03	Shahrekord	شهرستان شهركرد	32.33544	50.75836
449518	COUNTY	03	Shahrestān-e Borūjen	شهرستان بروجن	31.89647	51.17299
449520	COUNTY	03	Shahrestān-e Fārsān	شهرستان فارسان	32.22396	50.56592
9519976	COUNTY	03	Shahrestān-e Kīār	شهرستان کيار	32.00000	50.76667
449521	COUNTY	03	Shahrestān-e Kūhrang	شهرستان كوهرنگ	32.41455	50.04152
449522	COUNTY	03	Shahrestān-e Lordegān	شهرستان لردگان	31.46299	50.88549
11963562	COUNTY	04	Fanuj	شهرستان فنوج	26.57468	59.63856
11963518	COUNTY	04	Hamoon	شهرستان هامون	30.93686	61.33687
13452432	COUNTY	04	Hāmūn	شهرستان هامون	30.50784	61.10974
11963514	COUNTY	04	Mirjaveh	شهرستان میرجاوه	29.01752	61.45046
11963516	COUNTY	04	Nimruz	شهرستان نیمروز	31.10333	61.41601
11963510	COUNTY	04	Qaser-e Qand		26.22693	60.74553
1482480	COUNTY	04	Shahrestān-e Chābahār	شهرستان چابهار	25.44691	61.21075
9533580	COUNTY	04	Shahrestān-e Dalgān	شهرستان دلگان	27.40340	59.33036
9533575	COUNTY	04	Shahrestān-e Hīrmand	شهرستان هيرمند	31.20420	61.66805
1482481	COUNTY	04	Shahrestān-e Khāsh	شهرستان خاش	28.19339	60.76157
9533581	COUNTY	04	Shahrestān-e Konārak	شهرستان کنارک	25.55123	59.88437
9533590	COUNTY	04	Shahrestān-e Mehrestān	شهرستان مهرستان	27.02592	61.58705
1482504	COUNTY	04	Shahrestān-e Nīkshahr	شهرستان نيکشهر	26.25000	60.00000
13452433	COUNTY	04	Shahrestān-e Nīmrūz	نیمروز	30.99869	60.78461
12543582	COUNTY	04	Shahrestān-e Qaşr-e Qand	شهرستان قصر قند	26.06270	60.76665
1482499	COUNTY	04	Shahrestān-e Sarbāz	شهرستان سرباز	26.46901	61.45081
1482494	COUNTY	04	Shahrestān-e Sarāvān	شهرستان سراوان	27.39244	62.50642
9533591	COUNTY	04	Shahrestān-e Sīb va Sūrān	شهرستان سيب و سوران	27.33333	61.91667
1482483	COUNTY	04	Shahrestān-e Zābol	شهرستان زابل	31.04741	61.56620
1482486	COUNTY	04	Shahrestān-e Zāhedān	شهرستان زاهدان	29.62217	60.16915
1158999	COUNTY	04	Shahrestān-e Īrānshahr	شهرستان ايرانشهر	27.76803	60.03354
9533574	COUNTY	04	Zehak	شهرستان زهک	30.83835	61.63663
11963520	COUNTY	05	Landeh	شهرستان لنده	30.97994	50.42469
9532946	COUNTY	05	Shahrestān-e Bahma’ī	شهرستان بهمئی	31.05000	50.08333
449634	COUNTY	05	Shahrestān-e Bowyer Aḩmad	شهرستان بوير احمد	30.87500	51.13333
9532948	COUNTY	05	Shahrestān-e Bāsht	شهرستان باشت	30.46004	51.07451
9532947	COUNTY	05	Shahrestān-e Charām	شهرستان چرام	30.77111	50.87050
449635	COUNTY	05	Shahrestān-e Danā	شهرستان دنا	31.02933	51.25000
449637	COUNTY	05	Shahrestān-e Gachsārān	شهرستان گچساران	30.30000	50.73333
449636	COUNTY	05	Shahrestān-e Kohgīlūyeh	شهرستان كهگيلويه	31.05500	50.59900
449578	COUNTY	07	Jahrom	شهرستان جهرم	28.70331	53.34569
9520870	COUNTY	07	Khonj	شهرستان خنج	27.94047	53.06737
125034	COUNTY	07	Mamasanī	شهرستان ممسنی	30.03333	51.38333
449591	COUNTY	07	Marvdasht	شهرستان مرودشت	30.10564	52.63615
449593	COUNTY	07	Mohr	شهرستان مهر	27.62265	52.74274
9520534	COUNTY	07	Rostam	شهرستان رستم	30.40000	51.37090
449574	COUNTY	07	Shahrestān-e Arsanjān	شهرستان ارسنجان	29.83704	53.38778
449577	COUNTY	07	Shahrestān-e Bavānāt	شهرستان بوانات	30.29121	53.67292
449580	COUNTY	07	Shahrestān-e Dārāb	شهرستان داراب	28.56667	54.95000
8620947	COUNTY	07	Shahrestān-e Eqlīd	شهرستان اقليد	30.70000	52.40000
449575	COUNTY	07	Shahrestān-e Estahbān	شهرستان استهبان	29.11667	54.00000
449584	COUNTY	07	Shahrestān-e Farrāshband	شهرستان فراشبند	28.61061	52.20052
68471	COUNTY	07	Shahrestān-e Fasā	شهرستان فسا	28.94922	53.78896
449586	COUNTY	07	Shahrestān-e Fīrūzābād	شهرستان فيروزآباد	28.89565	52.56201
9520869	COUNTY	07	Shahrestān-e Gerāsh	شهرستان گراش	27.65699	53.69659
9520867	COUNTY	07	Shahrestān-e Kavār	شهرستان کوار	29.22092	52.71424
9520866	COUNTY	07	Shahrestān-e Kherāmeh	شهرستان خرامه	29.50100	53.26700
449579	COUNTY	07	Shahrestān-e Khorrambīd	شهرستان خرم بيد	30.57112	53.13523
449588	COUNTY	07	Shahrestān-e Kāzerūn	شهرستان کارزون	29.52107	51.71275
449590	COUNTY	07	Shahrestān-e Lāmerd	شهرستان لامرد	27.39316	53.31900
449589	COUNTY	07	Shahrestān-e Lārestān	شهرستان لارستان	27.71290	54.47730
449594	COUNTY	07	Shahrestān-e Neyrīz	شهرستان نيريز	29.33333	54.33333
9520865	COUNTY	07	Shahrestān-e Pāsārgād	شهرستان پاسارگاد	30.13977	53.15304
449587	COUNTY	07	Shahrestān-e Qīr va Kārzīn	شهرستان قير و کارزين	28.34401	52.91571
9520868	COUNTY	07	Shahrestān-e Sarvestān	شهرستان سروستان	29.21667	53.13333
449582	COUNTY	07	Shahrestān-e Sepīdān	شهرستان سپيدان	30.15000	52.10000
449583	COUNTY	07	Shahrestān-e Shīrāz	شهرستان شيراز	29.59851	52.43280
449581	COUNTY	07	Shahrestān-e Zarrīn Dasht	شهرستان زرين دشت	28.30000	54.46667
449573	COUNTY	07	Shahrestān-e Ābādeh	شهرستان آباده	31.25000	52.50000
449651	COUNTY	08	Amlash	شهرستان املش	36.96667	50.15000
449653	COUNTY	08	Rasht	شهرستان رشت	37.26667	49.63333
449658	COUNTY	08	Shaft	شهرستان شفت	37.08333	49.38333
449652	COUNTY	08	Shahrestān-e Bandar-e Anzalī	شهرستان بندر انزلی	37.45000	49.41333
449661	COUNTY	08	Shahrestān-e Fūman	شهرستان فومن	37.16337	49.17130
449663	COUNTY	08	Shahrestān-e Langarūd	شهرستان لنگرود	37.10000	50.12500
449662	COUNTY	08	Shahrestān-e Lāhījān	شهرستان لاهيجان	37.16700	50.00000
449664	COUNTY	08	Shahrestān-e Māsāl	شهرستان ماسال	37.30000	49.00000
449654	COUNTY	08	Shahrestān-e Reẕvānshahr	شهرستان رضوانشهر	37.53333	48.95000
449655	COUNTY	08	Shahrestān-e Rūdbār	شهرستان رودبار	36.78500	49.60000
449656	COUNTY	08	Shahrestān-e Rūdsar	شهرستان رودسر	36.86667	50.30000
449657	COUNTY	08	Shahrestān-e Sīāhkal	شهرستان سياهکل	36.93333	49.85000
449650	COUNTY	08	Shahrestān-e Āstāneh-ye Ashrafīyeh	شهرستان آستانه اشرفيه	37.33333	50.00000
449649	COUNTY	08	Shahrestān-e Āstārā	شهرستان آستارا	38.33333	48.75000
449659	COUNTY	08	Shahrestān-e Şowme‘eh Sarā	شهرستان صومعه سرا	37.35500	49.29750
8620884	COUNTY	08	Shahrestān-e Ţavālesh	شهرستان طوالش	37.90000	48.78333
449711	COUNTY	09	Razan	شهرستان رزن	35.43357	48.98170
449708	COUNTY	09	Shahrestān-e Asadābād	شهرستان اسد آباد	34.78333	48.00000
449709	COUNTY	09	Shahrestān-e Bahār	شهرستان بهار	34.98612	48.37164
9523287	COUNTY	09	Shahrestān-e Fāmenīn	شهرستان فامنين	35.09813	49.17369
449715	COUNTY	09	Shahrestān-e Hamadān	شهرستان همدان	34.82517	48.80310
449712	COUNTY	09	Shahrestān-e Kabūdarāhang	شهرستان كبودرآهنگ	35.37615	48.38238
449713	COUNTY	09	Shahrestān-e Malāyer	شهرستان ملايِر	34.32216	48.79741
449714	COUNTY	09	Shahrestān-e Nahāvand	شهرستان نهاوند	34.21957	48.24670
449710	COUNTY	09	Shahrestān-e Tūyserkān	شهرستان تويسركان	34.54219	48.33457
112941	COUNTY	10	Badreh	شهرستان بدرِه	33.31354	47.02365
11963421	COUNTY	10	Chardavol County	شهرستان چرداول	33.75910	46.56980
12543583	COUNTY	10	Chardāval	چرداول	33.67952	46.89901
28354	COUNTY	10	Darrehshahr	شهرستان دره شهر	33.02500	47.57333
449462	COUNTY	10	Shahrestān-e Dehlorān	شهرستان دهلران	32.62926	47.28063
449460	COUNTY	10	Shahrestān-e Eyvān	شهرستان ايوان	33.88767	46.15953
9524084	COUNTY	10	Shahrestān-e Malekshāhī	شهرستان ملکشاهی	33.30081	46.56191
449464	COUNTY	10	Shahrestān-e Mehrān	شهرستان مهران	33.29591	46.21068
449458	COUNTY	10	Shahrestān-e Ābdānān	شهرستان آبدانان	32.87830	47.52180
449459	COUNTY	10	Shahrestān-e Īlām	شهرستان ايلام	33.69591	46.27515
11963422	COUNTY	10	Sirvan	شهرستان سیروان	33.75460	46.56651
449702	COUNTY	11	Bandar Lengeh	شهرستان بندر لنگه	26.78333	54.65000
449700	COUNTY	11	Bastak	شهرستان بستک	27.20000	54.50200
449706	COUNTY	11	Qeshm	شهرستان قشم	26.78333	55.86667
449699	COUNTY	11	Shahrestān-e Abū Mūsá	شهرستان ابو موسیٰ	26.05474	55.16243
449701	COUNTY	11	Shahrestān-e Bandar ‘Abbās	شهرستان بندر عباس	27.53720	56.22429
9523757	COUNTY	11	Shahrestān-e Bashāgard	شهرستان بشاگرد	26.44004	58.14973
449703	COUNTY	11	Shahrestān-e Jāsk	شهرستان جاسک	25.86578	58.29089
8620945	COUNTY	11	Shahrestān-e Khamīr	شهرستان خمير	27.27756	55.50915
449707	COUNTY	11	Shahrestān-e Mīnāb	شهرستان ميناب	26.94152	57.32685
8620946	COUNTY	11	Shahrestān-e Pārsīān	شهرستان پارسيان	27.14039	53.23222
449705	COUNTY	11	Shahrestān-e Rūdān	شهرستان رودان	27.53333	57.11667
9523758	COUNTY	11	Shahrestān-e Sīrīk	شهرستان سيريک	26.48064	57.23738
449704	COUNTY	11	Shahrestān-e Ḩājjīābād	شهرستان حاجی آباد	28.06193	56.16021
8620948	COUNTY	13	Shahrestān-e Dālāhū	شهرستان دالاهو	34.41667	46.25000
449622	COUNTY	13	Shahrestān-e Eslāmābād-e Gharb	شهرستان اسلام آباد غرب	34.02506	46.67843
449632	COUNTY	13	Shahrestān-e Gīlān-e Gharb	شهرستان گيلان غرب	34.16794	45.85492
449633	COUNTY	13	Shahrestān-e Harsīn	شهرستان هرسين	34.35000	47.48333
449625	COUNTY	13	Shahrestān-e Javānrūd	شهرستان جوانرود	34.85184	46.29841
449631	COUNTY	13	Shahrestān-e Kangāvar	شهرستان کنگاور	34.48333	47.93333
449630	COUNTY	13	Shahrestān-e Kermānshāh	شهرستان کرمانشاه	34.29712	47.01427
449623	COUNTY	13	Shahrestān-e Pāveh	شهرستان پاوه	35.06442	46.25705
449629	COUNTY	13	Shahrestān-e Qaşr-e Shīrīn	شهرستان قصر شيرين	34.20000	45.63333
8620949	COUNTY	13	Shahrestān-e Ravānsar	شهرستان روانسر	34.68361	46.58590
449626	COUNTY	13	Shahrestān-e Sarpol-e Z̄ahāb	شهرستان سرپل ذهاب	34.50000	45.85000
449624	COUNTY	13	Shahrestān-e S̄alās̄-e Bābā Jānī	شهرستان سلاث باباجانی	34.79105	46.05079
449628	COUNTY	13	Shahrestān-e Şaḩneh	شهرستان صحنه	34.58333	47.51667
449627	COUNTY	13	Sonqor	شهرستان سنقر	34.86699	47.54628
11963429	COUNTY	15	Aghajari	شهرستان آغاجاری	30.69352	49.82819
9532909	COUNTY	15	Gotvand	شهرستان گتوند	32.23969	48.81522
9532928	COUNTY	15	Haftkel	شهرستان هفتکل	31.56667	49.40000
11963430	COUNTY	15	Hamidiyeh	شهرستان حمیدیّه	31.48107	48.43303
9532924	COUNTY	15	Hoveyzeh	شهرستان هويزه	31.30583	47.94572
11963434	COUNTY	15	Karun	شهرستان کارون	31.27618	48.64174
449552	COUNTY	15	Khorramshahr	شهرستان خرمشهر	30.69176	48.21195
449547	COUNTY	15	Shahrestān-e Ahvāz	شهرستان اهواز	31.33926	48.68695
9532922	COUNTY	15	Shahrestān-e Andīkā	شهرستان انديکا	32.30788	49.53595
449546	COUNTY	15	Shahrestān-e Andīmeshk	شهرستان انديمشک	32.70000	48.30000
449550	COUNTY	15	Shahrestān-e Bandar-e Māhshahr	شهرستان بندر ماهشهر	30.63333	49.11667
449551	COUNTY	15	Shahrestān-e Behbahān	شهرستان بهبهان	30.53097	50.21477
449549	COUNTY	15	Shahrestān-e Bāgh-e Malek	شهرستان باغ ملک	31.47663	49.92501
9532926	COUNTY	15	Shahrestān-e Bāvī	شهرستان باوی	31.52040	48.96469
449554	COUNTY	15	Shahrestān-e Dasht-e Āzādegān	شهرستان دشت آزادگان	31.68455	48.09876
449553	COUNTY	15	Shahrestān-e Dezfūl	شهرستان دزفول	32.56667	48.78333
449561	COUNTY	15	Shahrestān-e Hendījān	شهرستان هنديجان	30.30912	49.73490
449559	COUNTY	15	Shahrestān-e Lālī	شهرستان لالی	32.41667	49.16667
449560	COUNTY	15	Shahrestān-e Masjed Soleymān	شهرستان مسجدسليمان	31.98333	49.26667
449545	COUNTY	15	Shahrestān-e Omīdīyeh	شهرستان اميديه	30.75000	49.70000
449555	COUNTY	15	Shahrestān-e Rāmhormoz	شهرستان رامهرمز	31.21667	49.65000
9532929	COUNTY	15	Shahrestān-e Rāmshīr	شهرستان رامشير	30.95000	49.39238
449556	COUNTY	15	Shahrestān-e Shādegān	شهرستان شادگان	30.64503	48.67283
449557	COUNTY	15	Shahrestān-e Shūsh	شهرستان شوش	32.02599	48.19710
449558	COUNTY	15	Shahrestān-e Shūshtar	شهرستان شوشتر	31.91521	49.08482
449544	COUNTY	15	Shahrestān-e Ābādān	شهرستان آبادان	30.20602	48.60012
449548	COUNTY	15	Shahrestān-e Īz̄eh	شهرستان ايذه	31.86957	49.98576
449606	COUNTY	16	Qorveh	شهرستان قروه	35.22526	47.83947
449605	COUNTY	16	Sanandaj	شهرستان سنندج	35.38376	46.90256
449604	COUNTY	16	Saqqez	شهرستان سقز	36.15548	46.37865
449600	COUNTY	16	Shahrestān-e Bāneh	شهرستان بانه	35.99517	45.84652
449601	COUNTY	16	Shahrestān-e Bījār	شهرستان بيجار	35.86667	47.60000
9532949	COUNTY	16	Shahrestān-e Dehgolān	شهرستان دهگلان	35.33464	47.35853
449602	COUNTY	16	Shahrestān-e Dīvāndarreh	شهرستان ديواندرِه	35.94960	46.95789
449607	COUNTY	16	Shahrestān-e Kāmyārān	شهرستان كامياران	34.90798	46.91319
449608	COUNTY	16	Shahrestān-e Marīvān	شهرستان مريوان	35.57821	46.34426
449603	COUNTY	16	Shahrestān-e Sarvābād	شهرستان سرو آباد	35.22522	46.39458
449501	COUNTY	22	Deylam	شهرستان ديلم	30.02500	50.34333
449500	COUNTY	22	Deyr	شهرستان دير	28.01950	51.69200
449497	COUNTY	22	Jam	شهرستان جم	27.95778	52.17600
449495	COUNTY	22	Shahrestān-e Būshehr	شهرستان بوشهر	29.14186	50.98160
449498	COUNTY	22	Shahrestān-e Dashtestān	شهرستان دشتستان	29.28333	51.25000
449499	COUNTY	22	Shahrestān-e Dashtī	شهرستان دشتی	28.48685	51.56182
449503	COUNTY	22	Shahrestān-e Genāveh	شهرستان گناوه	29.62333	50.63000
449502	COUNTY	22	Shahrestān-e Kangān	شهرستان كنگان	27.72000	52.27000
449496	COUNTY	22	Shahrestān-e Tangestān	شهرستان تنگستان	28.88333	51.26667
9519975	COUNTY	22	‘Asalūyah	شهرستان عسلويه	27.42500	52.72000
449670	COUNTY	23	Delfan	شهرستان دلفان	34.05000	47.78333
449671	COUNTY	23	Dorūd	شهرستان دورود	33.52313	49.07248
449668	COUNTY	23	Pol-e Dokhtar	شهرستان پل دختر	33.13361	47.97070
11962671	COUNTY	23	Rumeshkhan County	شهرستان رومِشکان	33.27960	47.48995
449672	COUNTY	23	Selseleh	شهرستان سلسله	33.82985	48.20389
449666	COUNTY	23	Shahrestān-e Alīgūdarz	شهرستان اليگودرز	33.04651	49.39498
449665	COUNTY	23	Shahrestān-e Aznā	شهرستان ازنا	33.50450	49.43509
449667	COUNTY	23	Shahrestān-e Borūjerd	شهرستان بروجرد	33.88897	48.75214
9533002	COUNTY	23	Shahrestān-e Dūreh	شهرستان دوره	33.60337	47.93319
449669	COUNTY	23	Shahrestān-e Khorramābād	شهرستان خرم آباد	33.39367	48.56906
449673	COUNTY	23	Shahrestān-e Kūhdasht	شهرستان كوهدشت	33.55454	47.38381
124337	COUNTY	25	Mahdishahr	سَنگسَر	35.70930	53.35332
449569	COUNTY	25	Shahrestān-e Dāmghān	شهرستان دامغان	35.50000	54.33333
449572	COUNTY	25	Shahrestān-e Garmsār	شهرستان گرمسار	34.92583	52.16297
9533331	COUNTY	25	Shahrestān-e Mayāmey	شهرستان ميامی	36.61719	56.06062
449570	COUNTY	25	Shahrestān-e Semnān	شهرستان سمنان	35.05193	53.80126
449571	COUNTY	25	Shahrestān-e Shāhrūd	شهرستان شاهرود	35.44239	55.60404
9533333	COUNTY	25	Shahrestān-e Ārādān	شهرستان آرادان	34.89958	52.63352
9533334	COUNTY	25	Sorkheh	شهرستان سرخه	34.92140	53.14802
11963423	COUNTY	26	Pardis	شهرستان پردیس	35.74169	51.77705
11963424	COUNTY	26	Qarchak	شهرستان قرچک	35.43289	51.56597
9533737	COUNTY	26	Qods	شهرستان قدس	35.70500	51.09067
449509	COUNTY	26	Rey	شهرستان رِی	35.34967	51.29500
9533739	COUNTY	26	Shahrestān-e Bahārestān	شهرستان بهارستان	35.52537	51.16278
449507	COUNTY	26	Shahrestān-e Damāvand	شهرستان دماوند	35.61500	52.18333
9533740	COUNTY	26	Shahrestān-e Eslāmshahr	شهرستان اسلامشهر	35.58333	51.25000
449513	COUNTY	26	Shahrestān-e Fīrūzkūh	شهرستان فيروزكوه	35.75000	52.69756
9533736	COUNTY	26	Shahrestān-e Malārd	شهرستان ملارد	35.61000	50.69667
449505	COUNTY	26	Shahrestān-e Pākdasht	شهرستان پاكدشت	35.47500	51.77778
9533741	COUNTY	26	Shahrestān-e Pīshvā	شهرستان پيشوا	35.33000	51.75111
449508	COUNTY	26	Shahrestān-e Robāţ Karīm	شهرستان رباط كريم	35.48933	51.04978
449512	COUNTY	26	Shahrestān-e Shahrīār	شهرستان شهريار	35.62828	51.06632
449511	COUNTY	26	Shahrestān-e Shemīrānāt	شهرستان شميرانات	35.91333	51.61500
449506	COUNTY	26	Shahrestān-e Tehrān	شهرستان تهران	35.71758	51.40545
449516	COUNTY	26	Shahrestān-e Varāmīn	شَهرِستانِ وَرامين	35.33081	51.64124
11962673	COUNTY	28	Buin va Miandasht		33.07241	50.14641
449485	COUNTY	28	Fereydan	شهرستان فريدن	32.97912	50.41097
449475	COUNTY	28	Shahrestān-e Ardestān	شهرستان اردستان	33.56742	52.53570
449477	COUNTY	28	Shahrestān-e Borkhvār	شهرستان برخوار	33.01096	51.76762
12543581	COUNTY	28	Shahrestān-e Bū‘īn va Mīāndasht	شهرستان بوئین و میاندشت	33.15576	50.08789
449479	COUNTY	28	Shahrestān-e Chādegān	شهرستان چادگان	32.75000	50.50000
449483	COUNTY	28	Shahrestān-e Dehāqān	شهرستان دهاقان	31.99157	51.61441
449476	COUNTY	28	Shahrestān-e Eşfahān	شهرستان اصفهان	32.24264	52.44152
449487	COUNTY	28	Shahrestān-e Falāvarjān	شهرستان فلاورجان	32.51856	51.53108
449486	COUNTY	28	Shahrestān-e Fareydūnshahr	شهرستان فريدونشهر	32.85278	50.00539
449489	COUNTY	28	Shahrestān-e Golpāyegān	شهرستان گلپايگان	33.50000	50.33333
449480	COUNTY	28	Shahrestān-e Khomeynī Shahr	شهرستان خمينی شهر	32.68354	51.51132
449481	COUNTY	28	Shahrestān-e Khvānsār	شهرستان خوانسار	33.25619	50.38488
9519980	COUNTY	28	Shahrestān-e Khūr va Bīābānak	شهرستان خور و بيابانک	33.78504	54.91482
449488	COUNTY	28	Shahrestān-e Kāshān	شهرستان کاشان	33.91164	51.28412
449490	COUNTY	28	Shahrestān-e Lenjān	شهرستان لنجان	32.39760	51.21979
449491	COUNTY	28	Shahrestān-e Mobārakeh	شهرستان مبارکه	32.28152	51.50610
449493	COUNTY	28	Shahrestān-e Najafābād	شهرستان نجف آباد	32.93333	51.11667
122490	COUNTY	28	Shahrestān-e Naţanz	نطنز	33.58227	51.91955
449492	COUNTY	28	Shahrestān-e Nā’īn	شهرستان نائین	33.41579	53.65686
449482	COUNTY	28	Shahrestān-e Semīrom	شهرستان سميرم	31.28180	51.59672
449484	COUNTY	28	Shahrestān-e Shahreẕā	شهرستان شهرضا	31.68655	51.90563
9519981	COUNTY	28	Shahrestān-e Shāhīn Shahr va Meymeh	شهرستان شاهين شهر و ميمه	33.30130	51.19572
449478	COUNTY	28	Shahrestān-e Tīrān va Karvan	شهرستان تيران و کرون	32.78431	50.95479
449474	COUNTY	28	Shahrestān-e Ārān va Bīdgol	شهرستان آران و بيدگل	34.10000	51.90000
449611	COUNTY	29	Bam	شهرستان بم	29.06731	58.20400
9524452	COUNTY	29	Fahraj	شهرستان فهرج	29.09257	59.14492
9524453	COUNTY	29	Rīgān	ريگان	28.66855	59.06163
9524445	COUNTY	29	Shahrestān-e Anār	شهرستان انار	30.84616	55.29718
449610	COUNTY	29	Shahrestān-e Bardsīr	شهرستان بردسير	29.79442	56.68365
449609	COUNTY	29	Shahrestān-e Bāft	شهرستان بافت	29.01862	56.47999
9524449	COUNTY	29	Shahrestān-e Fāryāb	شهرستان فارياب	28.16904	57.23266
449612	COUNTY	29	Shahrestān-e Jīroft	شهرستان جيرفت	28.77180	57.50029
449620	COUNTY	29	Shahrestān-e Kahnūj	شهرستان کهنوج	27.89013	57.63829
449619	COUNTY	29	Shahrestān-e Kermān	شهرستان کرمان	30.32869	58.13935
9524446	COUNTY	29	Shahrestān-e Kūhbanān	شهرستان کوهبنان	31.33631	56.27288
449621	COUNTY	29	Shahrestān-e Manūjān	شهرستان منوجان	27.34244	57.64236
9524451	COUNTY	29	Shahrestān-e Narmāshīr	شهرستان نرماشير	29.26667	58.73333
9524448	COUNTY	29	Shahrestān-e Orzū‘īyeh	شهرستان ارزوئیه	28.42539	56.50388
9524455	COUNTY	29	Shahrestān-e Qal‘eh Ganj	شهرستان قلعه گنج	27.14558	58.37823
449614	COUNTY	29	Shahrestān-e Rafsanjān	شهرستان رفسنجان	30.52778	55.89152
9524447	COUNTY	29	Shahrestān-e Rābor	شهرستان رابر	29.22644	57.00576
449613	COUNTY	29	Shahrestān-e Rāvar	شهرستان راور	31.32362	57.13737
9524454	COUNTY	29	Shahrestān-e Rūdbār-e Jonūbī	شهرستان رودبار جنوبی	27.86845	58.44458
449617	COUNTY	29	Shahrestān-e Shahr-e Bābak	شهرستان شهر بابک	30.21698	54.99166
66575	COUNTY	29	Shahrestān-e Sīrjān	شهرستان سيرجان	29.32391	55.68239
449618	COUNTY	29	Shahrestān-e ‘Anbarābād	شهرستان عنبرآباد	28.40435	58.16304
449615	COUNTY	29	Zarand	شهرستان زرند	30.85416	56.29322
449465	COUNTY	32	Shahrestān-e Ardabīl	شهرستان اردبيل	38.24953	48.29903
449466	COUNTY	32	Shahrestān-e Bīleh Savār	شهرستان بيلِه سوار	39.34267	47.97233
449470	COUNTY	32	Shahrestān-e Germī	شهرستان گرمی	39.03333	47.87778
8620950	COUNTY	32	Shahrestān-e Khalkhāl	شهرستان خلخال	37.42500	48.53778
449469	COUNTY	32	Shahrestān-e Kows̄ar	شهرستان كوثر	37.70878	48.26900
449471	COUNTY	32	Shahrestān-e Meshgīn Shahr	شهرستان مشگين شهر	38.56000	47.78000
449472	COUNTY	32	Shahrestān-e Namīn	شهرستان نمين	38.39233	48.46778
449473	COUNTY	32	Shahrestān-e Nīr	شهرستان نير	37.98667	48.11111
449467	COUNTY	32	Shahrestān-e Pārsābād	شهرستان پارس آباد	39.54444	47.74222
9514745	COUNTY	32	Shahrestān-e Sar‘eyn	شهرستان سرعين	38.19222	47.99333
449427	COUNTY	33	Ahar	شهرستان اهر	38.53343	47.28337
449436	COUNTY	33	Kaleybar	شهرستان كلِيبر	38.93045	47.13965
449438	COUNTY	33	Marand	شهرستان مرند	38.56031	45.66182
449434	COUNTY	33	Shabestar	شهرستان شبستر	38.15556	45.71803
449429	COUNTY	33	Shahrestān-e Bonāb	شهرستان بناب	37.32158	46.01190
449428	COUNTY	33	Shahrestān-e Bostānābād	شهرستان بستان آباد	37.80615	46.81780
449432	COUNTY	33	Shahrestān-e Chārāvīmāq	شهرستان چاراويماق	37.06612	47.11108
449443	COUNTY	33	Shahrestān-e Hashtrūd	شهرستان هشترود	37.42639	46.91075
449441	COUNTY	33	Shahrestān-e Herīs	شهرستان هريس	38.23121	46.82576
449431	COUNTY	33	Shahrestān-e Jolfā	شهرستان جلفا	38.83343	45.91680
9517647	COUNTY	33	Shahrestān-e Khodā Āfarīn	شهرستان خداآفرين	39.04785	46.98345
449439	COUNTY	33	Shahrestān-e Malekān	شهرستان ملكان	37.12676	46.20972
449437	COUNTY	33	Shahrestān-e Marāgheh	شهرستان مراغه	37.36155	46.42513
449440	COUNTY	33	Shahrestān-e Mīāneh	شهرستان ميانه	37.46169	47.73216
449426	COUNTY	33	Shahrestān-e Oskū	شهرستان اسكو	37.93546	45.87805
8620951	COUNTY	33	Shahrestān-e Sarāb	شهرستان سراب	37.98340	47.46679
449430	COUNTY	33	Shahrestān-e Tabrīz	شهرستان تبريز	38.07542	46.26920
449442	COUNTY	33	Shahrestān-e Varzaqān	شهرستان ورزقان	38.59492	46.46397
449425	COUNTY	33	Shahrestān-e Āz̄arshahr	شهرستان آذرشهر	37.73708	45.88009
449435	COUNTY	33	Shahrestān-e ‘Ajab Shīr	شهرستان عجب شير	37.55069	46.03613
449692	COUNTY	34	Khomeyn	شهرستان خمِين	33.66278	49.98819
449690	COUNTY	34	Shahrestān-e Arāk	شَهرِستانِ آراك	34.13333	49.80000
449693	COUNTY	34	Shahrestān-e Delījān	شهرستان دليجان	34.01116	50.75288
9533005	COUNTY	34	Shahrestān-e Farahān	شهرستان فرهان	34.63332	49.63617
9533006	COUNTY	34	Shahrestān-e Khondāb	شهرستان خنداب	34.34248	49.22280
449697	COUNTY	34	Shahrestān-e Komījān	شهرستان كميجان	34.72716	49.31861
449698	COUNTY	34	Shahrestān-e Maḩallāt	شهرستان محلات	33.91667	50.41667
449696	COUNTY	34	Shahrestān-e Shāzand	شهرستان شازند	33.89657	49.30466
449695	COUNTY	34	Shahrestān-e Sāveh	شهرستان ساوه	35.07148	50.06630
449694	COUNTY	34	Shahrestān-e Zarandīyeh	شهرستان زرنديه	35.36667	50.33333
69179	COUNTY	34	Shahrestān-e Āshtīān	شهرستان آشتيان	34.43831	50.06048
449691	COUNTY	34	Tafresh	شهرستان تفرش	34.76534	50.00260
449677	COUNTY	35	Behshahr	شهرستان بهشهر	36.65101	53.58838
449675	COUNTY	35	Bābol	شهرستان بابل	36.30500	52.63333
449688	COUNTY	35	Nowshahr	شهرستان نوشهر	36.43333	51.60000
7830204	COUNTY	35	Savadkuh-e Shomali	سوادکوه شمالی	35.97765	52.68246
12543580	COUNTY	35	Savād Kūh-e Shomālī	سواد کوه شمالی	36.27361	52.85151
68057	COUNTY	35	Shahrestan-e Kalār Dasht	شهرستان كلار دشت	36.45000	51.11667
449676	COUNTY	35	Shahrestān-e Bābolsar	شهرستان بابلسر	36.66667	52.73333
449680	COUNTY	35	Shahrestān-e Chālūs	شهرستان چالوس	36.40066	51.24429
9533062	COUNTY	35	Shahrestān-e Fareydūnkenār	شهرستان فريدونکنار	36.64781	52.53063
9533060	COUNTY	35	Shahrestān-e Galūgāh	شهرستان گلوگاه	36.66667	53.80000
449679	COUNTY	35	Shahrestān-e Jūybār	شهرستان جويبار	36.66666	52.91333
449685	COUNTY	35	Shahrestān-e Maḩmūdābād	شهرستان محمود آباد	36.60416	52.32950
9533061	COUNTY	35	Shahrestān-e Mīāndorūd	شهرستان مياندورود	36.54106	53.28153
449686	COUNTY	35	Shahrestān-e Nekā	شهرستان نكا	36.47008	53.61803
449687	COUNTY	35	Shahrestān-e Nūr	شهرستان نور	36.31667	51.98333
449684	COUNTY	35	Shahrestān-e Qā’em Shahr	شهرستان قائم شهر	36.45583	52.88243
449681	COUNTY	35	Shahrestān-e Rāmsar	شهرستان رامسر	36.76667	50.53333
449683	COUNTY	35	Shahrestān-e Savādkūh	شهرستان سوادكوه	36.05268	52.96572
449682	COUNTY	35	Shahrestān-e Sārī	شهرستان ساری	36.33333	53.28333
449678	COUNTY	35	Shahrestān-e Tonekābon	شهرستان تنكابن	36.61567	50.82696
449674	COUNTY	35	Shahrestān-e Āmol	شهرستان آمل	36.20000	52.38333
9533059	COUNTY	35	Shahrestān-e ‘Abbāsābād	شهرستان عباس آباد	36.63333	51.15000
11962672	COUNTY	35	Simorgh County	شهرستان سیمرغ	36.57914	52.82364
449562	COUNTY	36	Abhar	شهرستان ابهر	36.30000	49.05000
449565	COUNTY	36	Khorramdarreh	شهرستان خرمدرِه	36.23333	49.20000
449564	COUNTY	36	Shahrestān-e Khodābandeh	شهرستان خدابنده	36.00000	48.50000
449568	COUNTY	36	Shahrestān-e Māhneshān	شهرستان ماهنشان	36.64285	47.58775
66310	COUNTY	36	Shahrestān-e Zanjān	شَهرِستانِ زَنجان	36.58333	48.25000
449563	COUNTY	36	Shahrestān-e Ījrūd	شهرستان ايجرود	36.31119	48.20350
449567	COUNTY	36	Shahrestān-e Ţārom	شهرستان طارِم	36.94333	48.89500
11963463	COUNTY	36	Soltaniyeh	شهرستان سلطانیه	36.43235	48.79393
449641	COUNTY	37	Bandar-e Gaz	شهرستان بندر گز	36.71444	53.95444
9522216	COUNTY	37	Shahrestān-e Gomīshān	شهرستان گميشان	37.15000	54.15000
449647	COUNTY	37	Shahrestān-e Gonbad-e Kāvūs	شهرستان گنبد كاووس	37.56222	55.10333
449646	COUNTY	37	Shahrestān-e Gorgān	شهرستان گرگان	36.75500	54.50667
9522218	COUNTY	37	Shahrestān-e Gālīkesh	شهرستان گاليکش	37.32500	55.67889
449645	COUNTY	37	Shahrestān-e Kalāleh	شهرستان كلاله	37.54333	55.48000
449644	COUNTY	37	Shahrestān-e Kordkūy	شهرستان كردكوی	36.67333	54.19333
9522217	COUNTY	37	Shahrestān-e Marāveh Tappeh	شهرستان مراوه تپه	37.85000	55.93500
449648	COUNTY	37	Shahrestān-e Mīnūdasht	شهرستان مينودشت	37.13000	55.46000
449642	COUNTY	37	Shahrestān-e Rāmīān	شهرستان راميان	36.96778	55.08889
449639	COUNTY	37	Shahrestān-e Āq Qalā	شهرستان آق قلا	37.16667	54.53000
449638	COUNTY	37	Shahrestān-e Āzādshahr	شهرستان آزادشهر	36.93889	55.35444
449643	COUNTY	37	Shahrestān-e ‘Alīābād	شهرستان علی آباد	36.83333	54.88333
449640	COUNTY	37	Torkaman	شهرستان تركمن	36.91889	54.11778
11963561	COUNTY	38	Alborz	شهرستان اَلبرز	36.18861	50.07829
11963519	COUNTY	38	Avaj	شهرستان آوج	35.57685	49.22241
449596	COUNTY	38	Shahrestān-e Bū’īn Zahrā	شهرستان بوئين زهرا	35.79222	49.95889
449598	COUNTY	38	Shahrestān-e Qazvīn	شهرستان قزوين	36.35000	49.92333
449597	COUNTY	38	Shahrestān-e Tākestān	شهرستان تاكستان	36.01111	49.54000
449595	COUNTY	38	Ābyek	شهرستان آبيک	36.11778	50.34133
449599	COUNTY	39	Qom	شهرستان قم	34.69000	51.04333
449724	COUNTY	40	Meybod	شهرستان ميبد	31.96122	53.37928
449716	COUNTY	40	Shahrestān-e Abarkūh	شهرستان ابركوه	31.08318	53.38500
449717	COUNTY	40	Shahrestān-e Ardakān	شهرستان اردكان	32.59667	54.78500
449721	COUNTY	40	Shahrestān-e Ashkez̄ar	شَهرِستانِ صَدوق	31.98759	54.04680
9533896	COUNTY	40	Shahrestān-e Behābād	شهرستان بهاباد	32.00934	56.13586
449718	COUNTY	40	Shahrestān-e Bāfq	شهرستان بافق	31.66979	55.40074
449720	COUNTY	40	Shahrestān-e Khātam	شهرستان خاتم	30.31699	54.20483
449723	COUNTY	40	Shahrestān-e Mehrīz	شهرستان مهريز	31.34728	54.64283
449725	COUNTY	40	Shahrestān-e Yazd	شَهرِستانِ يَزد	31.88980	54.36069
449719	COUNTY	40	Taft	شهرستان تفت	31.44780	53.81411
449532	COUNTY	41	Ferdows	شهرستان فردوس	33.95667	57.97000
9525806	COUNTY	41	Shahrestān-e Boshrūyeh	شهرستان بشرويه	34.05500	57.44111
449523	COUNTY	41	Shahrestān-e Bīrjand	شهرستان بيرجند	33.07000	59.25500
8620944	COUNTY	41	Shahrestān-e Darmīān	شهرستان درميان	32.94889	60.12333
9534259	COUNTY	41	Shahrestān-e Khūsf	شهرستان خوسف	32.29444	58.63500
1482419	COUNTY	41	Shahrestān-e Nehbandān	شهرستان نهبندان	31.50000	59.79500
449534	COUNTY	41	Shahrestān-e Qā’enāt	شهرستان قائنات	33.72434	59.17209
449524	COUNTY	41	Shahrestān-e Sarbīsheh	شهرستان سربيشه	32.40000	60.08333
9525807	COUNTY	41	Shahrestān-e Sarāyān	شهرستان سرايان	33.48133	58.31667
9534260	COUNTY	41	Shahrestān-e Zīrkūh	شهرستان زيرکوه	33.54333	60.18000
11963427	COUNTY	41	Tabas		32.80304	60.22146
449525	COUNTY	42	Bardaskan	شهرستان بردسكن	35.24063	57.52274
449529	COUNTY	42	Dargaz	شهرستان درگز	37.36904	59.01068
6550	COUNTY	42	Dāvarzan	شهرستان داورزن	36.33333	56.83333
9526258	COUNTY	42	Fīrūzeh	شهرستان فيروزه	36.31419	58.42171
9526255	COUNTY	42	Joveyn	شهرستان جوين	36.60831	57.46644
8620943	COUNTY	42	Mahvelāt	شهرستان مه ولات	34.98995	58.75420
449538	COUNTY	42	Mashhad	شهرستان مشهد	36.24865	59.80153
1482443	COUNTY	42	Sarakhs	شهرستان سرخس	36.30000	60.81667
9526253	COUNTY	42	Shahrestān-e Bajestān	شهرستان بجستان	34.59511	58.16167
9526343	COUNTY	42	Shahrestān-e Bākharz	شهرستان باخرز	35.02879	60.31275
9526260	COUNTY	42	Shahrestān-e Bīnālūd	شهرستان طرقبه شانديز	36.28980	59.32266
449527	COUNTY	42	Shahrestān-e Chenārān	شهرستان چناران	36.70652	59.05552
449533	COUNTY	42	Shahrestān-e Farīmān	شهرستان فريمان	35.70000	59.83333
449537	COUNTY	42	Shahrestān-e Gonābād	شهرستان گناباد	34.39006	58.88273
9526254	COUNTY	42	Shahrestān-e Joghatāy	شهرستان جغتای	36.67908	56.99342
1482469	COUNTY	42	Shahrestān-e Kalāt	شهرستان كلات	36.90000	59.90000
449528	COUNTY	42	Shahrestān-e Khalīlābād	شهرستان خليل آباد	35.13968	58.19932
9526257	COUNTY	42	Shahrestān-e Khowshāb	شهرستان خوشاب	36.48396	58.09942
1482426	COUNTY	42	Shahrestān-e Khvāf	شهرستان خواف	34.39906	60.02688
449536	COUNTY	42	Shahrestān-e Kāshmar	شهرستان كاشمر	35.45173	58.47475
449539	COUNTY	42	Shahrestān-e Neyshābūr	شهرستان نيشابور	36.11031	58.74659
449535	COUNTY	42	Shahrestān-e Qūchān	شهرستان قوچان	37.12633	58.58476
449530	COUNTY	42	Shahrestān-e Roshtkhvār	شهرستان رشتخوار	34.91667	59.36667
449531	COUNTY	42	Shahrestān-e Sabzevār	شهرستان سبزوار	35.90820	57.55509
449526	COUNTY	42	Shahrestān-e Torbat-e Ḩeydarīyeh	شهرستان تربت حيدريه	35.46667	59.10000
1482420	COUNTY	42	Shahrestān-e Tāybād	شهرستان تايباد	34.73333	60.73333
1482421	COUNTY	42	Torbat-e Jām	شهرستان تربت جام	35.47517	60.75145
9526342	COUNTY	42	Zāveh	شهرستان زاوه	35.28333	59.73333
9532886	COUNTY	43	Garmeh	شهرستان گرمه	37.15222	56.24667
11963428	COUNTY	43	Raz and Jargalan	شهرستان راز و جرگلان	37.93060	57.11940
449541	COUNTY	43	Shahrestān-e Bojnūrd	شهرستان بجنورد	37.56667	57.35667
449540	COUNTY	43	Shahrestān-e Esfarāyen	شهرستان اسفراين	36.96222	57.54778
8620942	COUNTY	43	Shahrestān-e Fārūj	شهرستان فاروج	37.18500	58.17778
449542	COUNTY	43	Shahrestān-e Jājarm	شهرستان جاجرم	37.03778	56.68000
8620941	COUNTY	43	Shahrestān-e Māneh va Samalqān	شهرستان مانه و سملقان	37.66500	56.60111
449543	COUNTY	43	Shahrestān-e Shīrvān	شهرستان شيروان	37.54889	57.89111
11963420	COUNTY	44	Fardis	شهرستان فردیس	35.72318	50.97865
449514	COUNTY	44	Karaj	شهرِستان كرج	35.96500	51.09500
9513961	COUNTY	44	Shahrestān-e Eshtehārd	شهرستان اشتهارد	35.72889	50.45889
449515	COUNTY	44	Shahrestān-e Naz̧arābād	شَهرِستانِ نظر آباد	35.90444	50.52000
449510	COUNTY	44	Shahrestān-e Sāvojbolāgh	شَهرِستانِ سَواجبُلاغ	35.97778	50.81111
9513960	COUNTY	44	Shahrestān-e Ţāleqān	شهرستان طالقان	36.21111	50.80889
